INSERT INTO famous_people (surname, name)
VALUES ('Маск', 'Илон'),
       ('Гейтс', 'Билл'),
       ('Маркс', 'Карл'),
       ('Кардашьян', 'Ким'),
       ('Обама', 'Барак'),
       ('Керри', 'Джон'),
       ('Путин', 'Владимир'),
       ('Кардашьян', 'Кайли'),
       ('Джобс', 'Стив'),
       ('Клинтон', 'Хиллари'),
       ('Меркель', 'Ангела'),
       ('Цукерберг', 'Марк'),
       ('Беонс', 'Джей'),
       ('Спилберг', 'Стивен'),
       ('Депп', 'Джонни');

INSERT INTO car_brand (title)
VALUES ('Toyota'),
       ('BMW'),
       ('Ford'),
       ('Tesla'),
       ('Mercedes-Benz'),
       ('Volvo'),
       ('Honda'),
       ('Audi'),
       ('Chevrolet'),
       ('Nissan'),
       ('Range Rover'),
       ('Ferrari'),
       ('Volkswagen'),
       ('Smart'),
       ('Jeep'),
       ('Subaru'),
       ('Renault'),
       ('Isuzu'),
       ('Hyundai');

INSERT INTO car_type (title)
VALUES ('Легковой'),
       ('Внедорожник'),
       ('Грузовик');

INSERT INTO car_body (title)
VALUES ('Седан'),
       ('Купе'),
       ('Кроссовер'),
       ('Хэтчбек'),
       ('Фургон'),
       ('Минивэн'),
       ('Кабриолет'),
       ('Пикап'),
       ('Универсал'),
       ('Спортивный универсал');

INSERT INTO car_configuration (id, title, description, brand_id, type_id, body_id, engine_capacity)
VALUES (1, 'Экономичный городской автомобиль', 'Идеальное решение для ежедневных поездок по городу.', 1, 1, 1,
        1.6),
       (2, 'Спортивный купе', 'Динамичный и стильный автомобиль для любителей скорости.', 2, 1, 2, 3.0),
       (3, 'Семейный внедорожник', 'Просторный и комфортный автомобиль для поездок всей семьей.', 3, 2, 3,
        2.5),
       (4, 'Электромобиль для города', 'Чистый и экологически безопасный вариант для городской езды.', 4, 1, 4,
        0),
       (5, 'Люксовый седан', 'Представительский автомобиль с высоким уровнем комфорта и роскоши.', 5, 1, 1, 3.5),
       (6, 'Грузовик для перевозки грузов', 'Мощный и надежный автомобиль для перевозки крупных грузов.', 6, 3,
        5, 5.0),
       (7, 'Минивэн для семьи', 'Удобный и функциональный автомобиль с большим количеством мест для пассажиров.', 7, 1,
        6, 2.0),
       (8, 'Кабриолет для открытых дорог', 'Стильный и элегантный автомобиль с возможностью открытия верха.', 8, 1,
        7, 2.8),
       (9, 'Пикап для активного образа жизни', 'Надежный и универсальный автомобиль для работы и отдыха.', 9, 3,
        8, 4.0),
       (10, 'Компактный кроссовер', 'Маневренный и экономичный автомобиль для городской и загородной езды.', 10, 1,
        3, 1.8),
       (11, 'Премиальный внедорожник', 'Высокотехнологичный и роскошный автомобиль для активного отдыха и путешествий.',
        11, 2, 3, 4.5),
       (12, 'Гоночный спорткар', 'Мощный и агрессивный автомобиль для трековых соревнований.', 12, 1, 2, 4.2),
       (13, 'Экономичный хэтчбек', 'Идеальный выбор для городской езды с низким расходом топлива.', 13, 1, 4,
        1.4),
       (14, 'Электрический ситикар', 'Маленький и компактный городской автомобиль с нулевыми выбросами.', 14, 1,
        4, 0),
       (15, 'Внедорожник для бездорожья', 'Мощный и прочный автомобиль для экстремальных условий.', 15, 2,
        10, 3.8),
       (16, 'Универсал для активного образа жизни', 'Просторный и удобный автомобиль для любителей активного отдыха.',
        16, 1, 9, 2.2),
       (17, 'Электрический городской автомобиль', 'Компактный и тихий автомобиль для ежедневных поездок по городу.', 17,
        1, 1, 0),
       (18, 'Экономичный грузовик для бизнеса', 'Надежный и экономичный вариант для предпринимателей.', 18, 3, 5,
        3.5),
       (19, 'Компактный городской автомобиль', 'Идеальный вариант для маневренной езды по городским улицам.', 19,
        1, 4, 1.2),
       (20, 'Экологичный гибридный автомобиль', 'Сочетание электромотора и бензинового двигателя для экономии топлива.',
        1, 1, 1, 2.0);

INSERT INTO country (title)
VALUES ('Япония'),
       ('Германия'),
       ('США'),
       ('Швеция'),
       ('Великобритания');

INSERT INTO factory (id, title, description, country_id)
VALUES (1, 'Завод Toyota в Тойота-Сити', 'Производство автомобилей Toyota', 1),
       (2, 'BMW Werk Dingolfing', 'Крупнейший завод BMW в Германии', 2),
       (3, 'Ford River Rouge Complex', 'Один из старейших заводов Ford', 3),
       (4, 'Tesla Factory Fremont', 'Основной завод Tesla', 3),
       (5, 'Mercedes-Benz Factory Sindelfingen', 'Один из крупнейших заводов Mercedes-Benz в мире', 2),
       (6, 'Volvo Torslanda Plant', 'Основной завод Volvo Cars в Швеции', 4),
       (7, 'Honda Marysville Auto Plant', 'Первый завод Honda в США', 3),
       (8, 'Audi Ingolstadt Plant', 'Основной завод Audi AG', 2),
       (9, 'Chevrolet Detroit-Hamtramck Assembly', 'Исторический завод Chevrolet в Детройте', 3),
       (10, 'Nissan Sunderland Plant', 'Крупнейший автомобильный завод в Великобритании', 5);

INSERT INTO car (configuration_id, release_year, original_parts_percent, factory_id)
VALUES (1, 2023, 95.5, 1),
       (2, 2022, 98.0, 2),
       (3, 2024, 97.2, 3),
       (4, 2023, 100.0, 4),
       (5, 2022, 99.8, 5),
       (6, 2023, 96.3, 6),
       (7, 2024, 98.5, 7),
       (8, 2023, 97.9, 8),
       (9, 2022, 99.0, 9),
       (10, 2024, 97.7, 10),
       (11, 2023, 98.6, 1),
       (12, 2022, 95.0, 2),
       (13, 2024, 99.2, 3),
       (14, 2023, 97.4, 4),
       (15, 2022, 98.3, 5),
       (16, 2024, 96.8, 6),
       (17, 2023, 99.5, 7),
       (18, 2022, 97.0, 8),
       (19, 2024, 98.9, 9),
       (20, 2023, 98.2, 10);

INSERT INTO car_fpeople (car_id, human_id)
VALUES (1, 1),
       (2, 2),
       (9, 2),
       (3, 4),
       (5, 5),
       (4, 6),
       (7, 7),
       (6, 8),
       (8, 11),
       (10, 15)
;

INSERT INTO museum (title, description, country_id)
VALUES ('Тойота автомобильный музей', 'Музей собственности, посвященный автомобилям, созданным компанией Toyota', 1),
       ('Музей BMW', 'Музей, который демонстрирует историю и достижения BMW в автомобильной промышленности', 2),
       ('Форд-Музей', 'Музей, посвященный истории и достижениям Форд Мотор Компани', 3),
       ('Музей Tesla', 'Музей, посвященный истории компании Tesla и ее продуктов', 3),
       ('Музей Мерседес-Бенц', 'Музей, посвященный истории и продукции Мерседес-Бенц', 5),
       ('Музей Вольво', 'Музей, который демонстрирует историю и продукцию Volvo Cars', 4),
       ('Музей Honda', 'Музей, посвященный истории и продукции Honda', 1),
       ('Ауди Форум', 'Музей и пространство Audi, где можно узнать о марке Audi и ее продукции', 2),
       ('Музей Chevrolet', 'Музей, демонстрирующий историю и продукцию Chevrolet', 3),
       ('Музей Nissan', 'Музей, посвященный истории и продукции Nissan', 1),
       ('Land Rover Experience Center',
        'Музей и центр тестирования Land Rover, где можно испытать историю и продукцию Land Rover', 5),
       ('Феррари Музей', 'Музей, посвященный истории и продукции Ferrari', 5),
       ('Volkswagen Automobil Forum', 'Музей и центр Volkswagen, где можно узнать о истории и продукции Volkswagen', 2),
       ('Музей Smart', 'Музей, демонстрирующий историю и продукцию Smart', 5),
       ('Jeep Heritage Center', 'Музей, посвященный истории и продукции Jeep', 3),
       ('Музей Subaru', 'Музей, посвященный истории и продукции Subaru', 4),
       ('Renault Classic', 'Музей и центр Renault, где можно узнать о истории и продукции Renault', 1),
       ('Isuzu Motors Museum', 'Музей, демонстрирующий историю и продукцию Isuzu', 1),
       ('Hyundai Motorstudio', 'Музей и центр Hyundai, где можно узнать о истории и продукции Hyundai', 1),
       ('Koenigsegg Factory Experience',
        'Музей и завод Koenigsegg, где можно узнать о производстве и продукции Koenigsegg', 2);

INSERT INTO museum_entry (car_id, museum_id, entry_year, room_number)
VALUES (1, 1, 2023, 1),
       (20, 1, 2024, 3),
       (2, 2, 2023, 102),
       (4, 4, 2024, 101),
       (3, 3, 2024, 404),
       (5, 5, 2022, 2),
       (6, 6, 2023, 10),
       (10, 10, 2024, 301);

INSERT INTO image (title, original_title, path, height, width, extension)
VALUES ('empty', 'empty', '/static/img/empty.jpg', 1500, 1500, 'jpeg'),
       ('ttot', 'ttot', '/static/img/ttot.jpg', 841, 1250, 'jpeg');
